rank,title,score,pitch,matched_at,url
1,Sales Performance Dashboard using Power BI,90,"With experience in Power BI and SQL, I can create interactive and informative dashboards. I would start by connecting to the data source and designing a wireframe of the dashboard. Next, I would focus on developing key performance indicators and visualizations to meet the project's requirements. I would then test and refine the dashboard to ensure it is user-friendly and provides valuable insights.",2026-08-09 16:04,https://www.freelancer.com/projects/power-bi/Sales-Performance-Dashboard-using-Power
1,Shopify Baby Landing Page Build,92,"With experience in Shopify and web design, I can build a custom landing page for your baby products. I will start by setting up a new Shopify theme and customizing it to match your brand's style. I will then configure the necessary sections for showcasing products, including images, descriptions, and pricing information. Finally, I will ensure that the page is fully functional and integrates with your existing Shopify store.",2026-08-09 18:07,https://www.freelancer.com/projects/shopify-site/Shopify-Baby-Landing-Page-Build
2,Shopify Baby Landing Page Build,90,"Having worked with Shopify and possessing web design skills, I can build a visually appealing and functional landing page. I would begin by setting up a new Shopify theme and customizing it to fit the project's requirements. Next, I would focus on creating a user-friendly interface and optimizing the page for conversions. I would then test the page to ensure it is fully functional and provides a seamless user experience.",2026-08-09 16:04,https://www.freelancer.com/projects/shopify-site/Shopify-Baby-Landing-Page-Build
2,WordPress Developer needed,90,"As a seasoned WordPress developer, I have experience in building custom WordPress sites and have worked with various PHP frameworks. I will start by reviewing the project requirements and discussing the features you need. I will then set up a new WordPress site or modify an existing one to meet your needs, including customizing the theme, plugins, and content. I will also ensure that the site is secure and optimized for search engines.",2026-08-09 18:07,https://www.freelancer.com/projects/seo/WordPress-Developer-needed-40627214
3,Modern Luxury Leather Theme,80,"With expertise in WordPress and WooCommerce, I can design and develop a modern and luxurious theme. I would start by creating a custom WordPress theme and integrating it with WooCommerce. Next, I would focus on designing a visually appealing and user-friendly interface, and then test the theme to ensure it is fully functional and compatible with various devices and browsers.",2026-08-09 16:04,https://www.freelancer.com/projects/woocommerce/Modern-Luxury-Leather-Theme
3,Web Scraping and PDF Data Extraction with API Integration,88,"I have experience in web scraping and API integration using Python, which makes me an ideal candidate for this project. I will start by defining the data extraction requirements and selecting the necessary APIs to integrate. I will then write Python scripts to scrape the required data from the target websites and extract it into a usable format. Finally, I will integrate the extracted data with your existing systems or databases.",2026-08-09 18:07,https://www.freelancer.com/projects/mysql/Web-Scraping-PDF-Data-Extraction
4,Web Scraping and PDF Data Extraction with API Integration,80,"Having experience in web scraping and MySQL, I can extract data from websites and PDF files, and integrate it with an API. I would begin by identifying the data sources and determining the best approach for web scraping and data extraction. Next, I would focus on developing a script to extract the data and store it in a MySQL database, and then test the integration to ensure it is working correctly.",2026-08-09 16:04,https://www.freelancer.com/projects/mysql/Web-Scraping-PDF-Data-Extraction
4,Modern Luxury Leather Theme,85,"With expertise in PHP and WooCommerce, I can build a custom theme for your luxury leather products. I will start by reviewing the WooCommerce documentation and planning the theme's structure and layout. I will then write custom PHP code to create the theme's templates, including product pages, cart, and checkout. I will also ensure that the theme is fully functional and integrates with your existing WooCommerce store.",2026-08-09 18:07,https://www.freelancer.com/projects/woocommerce/Modern-Luxury-Leather-Theme
5,WordPress Developer needed,80,"With skills in WordPress and PHP, I can develop and customize WordPress websites. I would start by reviewing the project requirements and setting up a new WordPress installation. Next, I would focus on developing custom plugins and themes, and then test the website to ensure it is fully functional and meets the project's requirements.",2026-08-09 16:04,https://www.freelancer.com/projects/seo/WordPress-Developer-needed-40627214
5,pasarella de pago internacional,85,"I have experience in payment gateway integration using PHP, which makes me an ideal candidate for this project. I will start by selecting the necessary payment gateways and integrating them with your existing system. I will then configure the payment workflow and ensure that it is secure and reliable. Finally, I will test the payment integration to ensure that it is fully functional and works as expected.",2026-08-09 18:07,https://www.freelancer.com/projects/payment-gateway-integration/pasarella-pago-internacional