title,url,skills,type,budget,currency,bids,posted
2025-26 Individual Tax Return Filing,https://www.freelancer.com/projects/tax-preparation/Individual-Tax-Return-Filing-40625074,"Tax, Tax Reporting, Tax Preparation",fixed,20 - 250,GBP,6,2026-08-04 10:12
2025-26 Individual Tax Return Filing,https://www.freelancer.com/projects/tax-preparation/Individual-Tax-Return-Filing-40625074,"Tax, Tax Reporting, Tax Preparation",fixed,20 - 250,GBP,6,2026-08-04 10:12
2025-26 Individual Tax Return Filing,https://www.freelancer.com/projects/tax-preparation/Individual-Tax-Return-Filing-40625074,"Tax, Tax Reporting, Tax Preparation",fixed,20 - 250,GBP,6,2026-08-04 10:12
2025-26 Individual Tax Return Filing,https://www.freelancer.com/projects/tax-preparation/Individual-Tax-Return-Filing-40625074,"Tax, Tax Reporting, Tax Preparation",fixed,20 - 250,GBP,6,2026-08-04 10:12
2025-26 Individual Tax Return Filing,https://www.freelancer.com/projects/tax-preparation/Individual-Tax-Return-Filing-40625074,"Tax, Tax Reporting, Tax Preparation",fixed,20 - 250,GBP,6,2026-08-04 10:12
30 Professional AI Marketing Education Videos,https://www.freelancer.com/projects/ai-video-editing/Marketing-Education-Videos,"Video Services, Animation, After Effects, Video Production, Video Editing, AI Art Creation, AI Content Creation, AI Animation, AI Video Editing, AI Voiceover",fixed,600 - 1500,INR,19,2026-08-04 10:22
30 Professional AI Marketing Education Videos,https://www.freelancer.com/projects/ai-video-editing/Marketing-Education-Videos,"Video Services, Animation, After Effects, Video Production, Video Editing, AI Art Creation, AI Content Creation, AI Animation, AI Video Editing, AI Voiceover",fixed,600 - 1500,INR,21,2026-08-04 10:22
30 Professional AI Marketing Education Videos,https://www.freelancer.com/projects/ai-video-editing/Marketing-Education-Videos,"Video Services, Animation, After Effects, Video Production, Video Editing, AI Art Creation, AI Content Creation, AI Animation, AI Video Editing, AI Voiceover",fixed,600 - 1500,INR,21,2026-08-04 10:22
30 Professional AI Marketing Education Videos,https://www.freelancer.com/projects/ai-video-editing/Marketing-Education-Videos,"Video Services, Animation, After Effects, Video Production, Video Editing, AI Art Creation, AI Content Creation, AI Animation, AI Video Editing, AI Voiceover",fixed,600 - 1500,INR,21,2026-08-04 10:22
Add Music to Video -- 2,https://www.freelancer.com/projects/audio-engineering/Add-Music-Video,"Audio Engineering, Music Production",fixed,150000 - 250000,INR,12,2026-07-28 19:10
Add Music to Video -- 2,https://www.freelancer.com/projects/audio-engineering/Add-Music-Video,"Audio Engineering, Music Production",fixed,150000 - 250000,INR,12,2026-07-28 19:10
Add Music to Video -- 2,https://www.freelancer.com/projects/audio-engineering/Add-Music-Video,"Audio Engineering, Music Production",fixed,150000 - 250000,INR,12,2026-07-28 19:10
Add Music to Video -- 2,https://www.freelancer.com/projects/audio-engineering/Add-Music-Video,"Audio Engineering, Music Production",fixed,150000 - 250000,INR,12,2026-07-28 19:10
Add Music to Video -- 2,https://www.freelancer.com/projects/audio-engineering/Add-Music-Video,"Audio Engineering, Music Production",fixed,150000 - 250000,INR,12,2026-07-28 19:10
Admin Chat WhatsApp Harian Ringan,https://www.freelancer.com/projects/data-entry/Admin-Chat-WhatsApp-Harian-Ringan-40625012,"Data Entry, Customer Support, Virtual Assistant, Cooking & Recipes, Customer Service, Time Management, Cooking / Baking, Typing, Social Media Management, Reading Tutoring",hourly,15 - 25,USD,1,2026-08-04 9:51
Admin Chat WhatsApp Harian Ringan,https://www.freelancer.com/projects/data-entry/Admin-Chat-WhatsApp-Harian-Ringan-40625012,"Data Entry, Customer Support, Virtual Assistant, Cooking & Recipes, Customer Service, Time Management, Cooking / Baking, Typing, Social Media Management, Reading Tutoring",hourly,15 - 25,USD,1,2026-08-04 9:51
Admin Chat WhatsApp Harian Ringan,https://www.freelancer.com/projects/data-entry/Admin-Chat-WhatsApp-Harian-Ringan-40625012,"Data Entry, Customer Support, Virtual Assistant, Cooking & Recipes, Customer Service, Time Management, Cooking / Baking, Typing, Social Media Management, Reading Tutoring",hourly,15 - 25,USD,1,2026-08-04 9:51
Admin Chat WhatsApp Harian Ringan,https://www.freelancer.com/projects/data-entry/Admin-Chat-WhatsApp-Harian-Ringan-40625012,"Data Entry, Customer Support, Virtual Assistant, Cooking & Recipes, Customer Service, Time Management, Cooking / Baking, Typing, Social Media Management, Reading Tutoring",hourly,15 - 25,USD,1,2026-08-04 9:51
Admin Chat WhatsApp Harian Ringan,https://www.freelancer.com/projects/data-entry/Admin-Chat-WhatsApp-Harian-Ringan-40625012,"Data Entry, Customer Support, Virtual Assistant, Cooking & Recipes, Customer Service, Time Management, Cooking / Baking, Typing, Social Media Management, Reading Tutoring",hourly,15 - 25,USD,1,2026-08-04 9:51
AI Mixed-Media Demo Video,https://www.freelancer.com/projects/ai-video-editing/Mixed-Media-Demo-Video,"Video Services, Animation, After Effects, Video Production, Video Editing, AI Art Creation, AI Animation, AI Video Editing",fixed,1500 - 12500,INR,15,2026-08-04 9:42
AI Mixed-Media Demo Video,https://www.freelancer.com/projects/ai-video-editing/Mixed-Media-Demo-Video,"Video Services, Animation, After Effects, Video Production, Video Editing, AI Art Creation, AI Animation, AI Video Editing",fixed,1500 - 12500,INR,15,2026-08-04 9:42
Anglophone Africa Partnership Development,https://www.freelancer.com/projects/data-entry/Anglophone-Africa-Partnership,"Data Entry, Excel, Web Search, Market Research, Lead Generation, Data Collection, Lead Qualification",hourly,2 - 8,USD,22,2026-08-03 22:27
Anglophone Africa Partnership Development,https://www.freelancer.com/projects/data-entry/Anglophone-Africa-Partnership,"Data Entry, Excel, Web Search, Market Research, Lead Generation, Data Collection, Lead Qualification",hourly,2 - 8,USD,23,2026-08-03 22:27
Aussie Web Developer for Quality Landing Page,https://www.freelancer.com/projects/web-development/Aussie-Web-Developer-for-Quality,"JavaScript, Website Design, Graphic Design, CSS, HTML, Web Development, Frontend Development, Figma, Next.js, Tailwind CSS",fixed,30 - 250,USD,150,2026-08-04 9:55
Aussie Web Developer for Quality Landing Page,https://www.freelancer.com/projects/web-development/Aussie-Web-Developer-for-Quality,"JavaScript, Website Design, Graphic Design, CSS, HTML, Web Development, Frontend Development, Figma, Next.js, Tailwind CSS",fixed,30 - 250,USD,156,2026-08-04 9:55
Aussie Web Developer for Quality Landing Page,https://www.freelancer.com/projects/web-development/Aussie-Web-Developer-for-Quality,"JavaScript, Website Design, Graphic Design, CSS, HTML, Web Development, Frontend Development, Figma, Next.js, Tailwind CSS",fixed,30 - 250,USD,158,2026-08-04 9:55
Aussie Web Developer for Quality Landing Page,https://www.freelancer.com/projects/web-development/Aussie-Web-Developer-for-Quality,"JavaScript, Website Design, Graphic Design, CSS, HTML, Web Development, Frontend Development, Figma, Next.js, Tailwind CSS",fixed,30 - 250,USD,158,2026-08-04 9:55
Aussie Web Developer for Quality Landing Page,https://www.freelancer.com/projects/web-development/Aussie-Web-Developer-for-Quality,"JavaScript, Website Design, Graphic Design, CSS, HTML, Web Development, Frontend Development, Figma, Next.js, Tailwind CSS",fixed,30 - 250,USD,159,2026-08-04 9:55
Boost Amazon Ratings & Listings,https://www.freelancer.com/projects/amazon/Boost-Amazon-Ratings-Listings,"Internet Marketing, SEO, Link Building, Marketing, Content Writing, Amazon, Amazon Product Launch, Amazon Ads",fixed,10 - 30,USD,5,2026-08-04 10:26
Boost Amazon Ratings & Listings,https://www.freelancer.com/projects/amazon/Boost-Amazon-Ratings-Listings,"Internet Marketing, SEO, Link Building, Marketing, Content Writing, Amazon, Amazon Product Launch, Amazon Ads",fixed,10 - 30,USD,12,2026-08-04 10:26
Boost Amazon Ratings & Listings,https://www.freelancer.com/projects/amazon/Boost-Amazon-Ratings-Listings,"Internet Marketing, SEO, Link Building, Marketing, Content Writing, Amazon, Amazon Product Launch, Amazon Ads",fixed,10 - 30,USD,12,2026-08-04 10:26
Boost Amazon Ratings & Listings,https://www.freelancer.com/projects/amazon/Boost-Amazon-Ratings-Listings,"Internet Marketing, SEO, Link Building, Marketing, Content Writing, Amazon, Amazon Product Launch, Amazon Ads",fixed,10 - 30,USD,12,2026-08-04 10:26
Business Development For Book Seller Web ERP Software,https://www.freelancer.com/projects/billing/Book-Seller-Web-ERP-Software,"Billing, Livestock, Invoicing",fixed,1500 - 12500,INR,3,2026-08-04 10:28
Business Development For Book Seller Web ERP Software,https://www.freelancer.com/projects/billing/Book-Seller-Web-ERP-Software,"Billing, Livestock, Invoicing",fixed,1500 - 12500,INR,3,2026-08-04 10:28
Business Development For Book Seller Web ERP Software,https://www.freelancer.com/projects/billing/Book-Seller-Web-ERP-Software,"Billing, Livestock, Invoicing",fixed,1500 - 12500,INR,3,2026-08-04 10:28
Cinematic B2B Brand Video using AI,https://www.freelancer.com/projects/ai-video-editing/Cinematic-Brand-Video-using,"Video Services, Animation, After Effects, Video Production, AI Content Creation, AI Design, AI Video, AI Video Editing",fixed,1500 - 12500,INR,9,2026-08-04 9:44
Cinematic B2B Brand Video using AI,https://www.freelancer.com/projects/ai-video-editing/Cinematic-Brand-Video-using,"Video Services, Animation, After Effects, Video Production, AI Content Creation, AI Design, AI Video, AI Video Editing",fixed,1500 - 12500,INR,10,2026-08-04 9:44
Commission-Based Sales Agent for Training Courses,https://www.freelancer.com/projects/b2b-marketing/Commission-Based-Sales-Agent-for-40625007,"Sales, Report Writing, Sales Promotion, Account Management, Sales Management, Customer Experience, Lead Generation, B2B Marketing",fixed,10 - 2000,GBP,2,2026-08-04 9:48
Commission-Based Sales Agent for Training Courses,https://www.freelancer.com/projects/b2b-marketing/Commission-Based-Sales-Agent-for-40625007,"Sales, Report Writing, Sales Promotion, Account Management, Sales Management, Customer Experience, Lead Generation, B2B Marketing",fixed,10 - 2000,GBP,2,2026-08-04 9:48
Commission-Based Sales Agent for Training Courses,https://www.freelancer.com/projects/b2b-marketing/Commission-Based-Sales-Agent-for-40625007,"Sales, Report Writing, Sales Promotion, Account Management, Sales Management, Customer Experience, Lead Generation, B2B Marketing",fixed,10 - 2000,GBP,2,2026-08-04 9:48
Commission-Based Sales Agent for Training Courses,https://www.freelancer.com/projects/b2b-marketing/Commission-Based-Sales-Agent-for-40625007,"Sales, Report Writing, Sales Promotion, Account Management, Sales Management, Customer Experience, Lead Generation, B2B Marketing",fixed,10 - 2000,GBP,2,2026-08-04 9:48
Commission-Based Sales Agent for Training Courses,https://www.freelancer.com/projects/b2b-marketing/Commission-Based-Sales-Agent-for-40625007,"Sales, Report Writing, Sales Promotion, Account Management, Sales Management, Customer Experience, Lead Generation, B2B Marketing",fixed,10 - 2000,GBP,2,2026-08-04 9:48
"Configure SPF, DKIM, DMARC",https://www.freelancer.com/projects/email-marketing/Configure-SPF-DKIM-DMARC,"System Admin, Linux, Troubleshooting, Active Directory, DNS, Web Hosting, Email Marketing, Technical Documentation",fixed,1500 - 12500,INR,11,2026-08-04 9:51
"Configure SPF, DKIM, DMARC",https://www.freelancer.com/projects/email-marketing/Configure-SPF-DKIM-DMARC,"System Admin, Linux, Troubleshooting, Active Directory, DNS, Web Hosting, Email Marketing, Technical Documentation",fixed,1500 - 12500,INR,12,2026-08-04 9:51
"Configure SPF, DKIM, DMARC",https://www.freelancer.com/projects/email-marketing/Configure-SPF-DKIM-DMARC,"System Admin, Linux, Troubleshooting, Active Directory, DNS, Web Hosting, Email Marketing, Technical Documentation",fixed,1500 - 12500,INR,13,2026-08-04 9:51
"Configure SPF, DKIM, DMARC",https://www.freelancer.com/projects/email-marketing/Configure-SPF-DKIM-DMARC,"System Admin, Linux, Troubleshooting, Active Directory, DNS, Web Hosting, Email Marketing, Technical Documentation",fixed,1500 - 12500,INR,13,2026-08-04 9:51
"Configure SPF, DKIM, DMARC",https://www.freelancer.com/projects/email-marketing/Configure-SPF-DKIM-DMARC,"System Admin, Linux, Troubleshooting, Active Directory, DNS, Web Hosting, Email Marketing, Technical Documentation",fixed,1500 - 12500,INR,13,2026-08-04 9:51
Consulting for Acoustic and Signage Design,https://www.freelancer.com/projects/acoustical-engineering/Consulting-for-Acoustic-Signage-Design,"Engineering, Concept Design, Interior Design, Acoustical Engineering, Architecture",fixed,1500 - 3000,USD,6,2026-08-04 9:51
Consulting for Acoustic and Signage Design,https://www.freelancer.com/projects/acoustical-engineering/Consulting-for-Acoustic-Signage-Design,"Engineering, Concept Design, Interior Design, Acoustical Engineering, Architecture",fixed,1500 - 3000,USD,6,2026-08-04 9:51
Consulting for Acoustic and Signage Design,https://www.freelancer.com/projects/acoustical-engineering/Consulting-for-Acoustic-Signage-Design,"Engineering, Concept Design, Interior Design, Acoustical Engineering, Architecture",fixed,1500 - 3000,USD,6,2026-08-04 9:51
Consulting for Acoustic and Signage Design,https://www.freelancer.com/projects/acoustical-engineering/Consulting-for-Acoustic-Signage-Design,"Engineering, Concept Design, Interior Design, Acoustical Engineering, Architecture",fixed,1500 - 3000,USD,6,2026-08-04 9:51
Consulting for Acoustic and Signage Design,https://www.freelancer.com/projects/acoustical-engineering/Consulting-for-Acoustic-Signage-Design,"Engineering, Concept Design, Interior Design, Acoustical Engineering, Architecture",fixed,1500 - 3000,USD,6,2026-08-04 9:51
Convert an Existing Double-Sided 4 × 6 Card to Print-Ready Format,https://www.freelancer.com/projects/print-design/Convert-Existing-Double-Sided-Card,"Graphic Design, Photoshop, Adobe InDesign, Brochure Design, Adobe Illustrator, Adobe Creative Suite, Adobe Photoshop, Print Design",fixed,30 - 250,USD,95,2026-08-04 10:22
Convert an Existing Double-Sided 4 × 6 Card to Print-Ready Format,https://www.freelancer.com/projects/print-design/Convert-Existing-Double-Sided-Card,"Graphic Design, Photoshop, Adobe InDesign, Brochure Design, Adobe Illustrator, Adobe Creative Suite, Adobe Photoshop, Print Design",fixed,30 - 250,USD,102,2026-08-04 10:22
Convert an Existing Double-Sided 4 × 6 Card to Print-Ready Format,https://www.freelancer.com/projects/print-design/Convert-Existing-Double-Sided-Card,"Graphic Design, Photoshop, Adobe InDesign, Brochure Design, Adobe Illustrator, Adobe Creative Suite, Adobe Photoshop, Print Design",fixed,30 - 250,USD,102,2026-08-04 10:22
Convert an Existing Double-Sided 4 × 6 Card to Print-Ready Format,https://www.freelancer.com/projects/print-design/Convert-Existing-Double-Sided-Card,"Graphic Design, Photoshop, Adobe InDesign, Brochure Design, Adobe Illustrator, Adobe Creative Suite, Adobe Photoshop, Print Design",fixed,30 - 250,USD,105,2026-08-04 10:22
Corporate Overview Deck Design,https://www.freelancer.com/projects/graphic-design/Corporate-Overview-Deck-Design,"Graphic Design, Marketing, Branding, Corporate Identity, Content Writing, Business Writing, Content Development, Keynote",fixed,1000 - 2500,INR,19,2026-08-04 9:34
Corporate Website Redesign & Build,https://www.freelancer.com/projects/web-design/Corporate-Website-Redesign-Build,"PHP, Website Design, Graphic Design, SEO, CSS, HTML, Web Development, Web Design",fixed,30 - 250,USD,88,2026-08-04 10:17
Corporate Website Redesign & Build,https://www.freelancer.com/projects/web-design/Corporate-Website-Redesign-Build,"PHP, Website Design, Graphic Design, SEO, CSS, HTML, Web Development, Web Design",fixed,30 - 250,USD,123,2026-08-04 10:17
Corporate Website Redesign & Build,https://www.freelancer.com/projects/web-design/Corporate-Website-Redesign-Build,"PHP, Website Design, Graphic Design, SEO, CSS, HTML, Web Development, Web Design",fixed,30 - 250,USD,129,2026-08-04 10:17
Corporate Website Redesign & Build,https://www.freelancer.com/projects/web-design/Corporate-Website-Redesign-Build,"PHP, Website Design, Graphic Design, SEO, CSS, HTML, Web Development, Web Design",fixed,30 - 250,USD,131,2026-08-04 10:17
Corporate Website Redesign & Build,https://www.freelancer.com/projects/web-design/Corporate-Website-Redesign-Build,"PHP, Website Design, Graphic Design, SEO, CSS, HTML, Web Development, Web Design",fixed,30 - 250,USD,132,2026-08-04 10:17
Create Recruiter Profile Gallery,https://www.freelancer.com/projects/css/Create-Recruiter-Profile-Gallery,"PHP, Website Design, CSS, HTML, Web Development, Portfolio Management, User Experience Research, Web Design",fixed,250 - 750,USD,191,2026-08-04 9:40
Create Recruiter Profile Gallery,https://www.freelancer.com/projects/css/Create-Recruiter-Profile-Gallery,"PHP, Website Design, CSS, HTML, Web Development, Portfolio Management, User Experience Research, Web Design",fixed,250 - 750,USD,197,2026-08-04 9:40
Creative Brochure Design and Professional Video Editing Required,https://www.freelancer.com/projects/brochure-design/Brochure-Design-Video-Edits,"Graphic Design, Typography, Adobe InDesign, After Effects, Brochure Design, Motion Graphics, Video Editing, Adobe Premiere Pro, Adobe Illustrator, Print Design",fixed,1500 - 12500,INR,44,2026-08-04 10:28
Creative Brochure Design and Professional Video Editing Required,https://www.freelancer.com/projects/brochure-design/Brochure-Design-Video-Edits,"Graphic Design, Typography, Adobe InDesign, After Effects, Brochure Design, Motion Graphics, Video Editing, Adobe Premiere Pro, Adobe Illustrator, Print Design",fixed,1500 - 12500,INR,44,2026-08-04 10:28
Creative Brochure Design and Professional Video Editing Required,https://www.freelancer.com/projects/brochure-design/Brochure-Design-Video-Edits,"Graphic Design, Typography, Adobe InDesign, After Effects, Brochure Design, Motion Graphics, Video Editing, Adobe Premiere Pro, Adobe Illustrator, Print Design",fixed,1500 - 12500,INR,46,2026-08-04 10:28
Custom Skincare Formulation Chemist,https://www.freelancer.com/projects/product-development/Custom-Skincare-Formulation-Chemist,"Mechanical Engineering, Chemical Engineering, Product Design, Market Research, 3D Modelling, Packaging Design, Product Development",hourly,750 - 1250,INR,2,2026-08-04 10:00
Custom Skincare Formulation Chemist,https://www.freelancer.com/projects/product-development/Custom-Skincare-Formulation-Chemist,"Mechanical Engineering, Chemical Engineering, Product Design, Market Research, 3D Modelling, Packaging Design, Product Development",hourly,750 - 1250,INR,2,2026-08-04 10:00
Custom Skincare Formulation Chemist,https://www.freelancer.com/projects/product-development/Custom-Skincare-Formulation-Chemist,"Mechanical Engineering, Chemical Engineering, Product Design, Market Research, 3D Modelling, Packaging Design, Product Development",hourly,750 - 1250,INR,2,2026-08-04 10:00
Custom Skincare Formulation Chemist,https://www.freelancer.com/projects/product-development/Custom-Skincare-Formulation-Chemist,"Mechanical Engineering, Chemical Engineering, Product Design, Market Research, 3D Modelling, Packaging Design, Product Development",hourly,750 - 1250,INR,2,2026-08-04 10:00
Custom Skincare Formulation Chemist,https://www.freelancer.com/projects/product-development/Custom-Skincare-Formulation-Chemist,"Mechanical Engineering, Chemical Engineering, Product Design, Market Research, 3D Modelling, Packaging Design, Product Development",hourly,750 - 1250,INR,2,2026-08-04 10:00
Data scrap into excel -- 4,https://www.freelancer.com/projects/data-entry/Data-scrap-into-excel-40625010,"Data Entry, Excel, Web Scraping, Web Search, Data Mining",fixed,30 - 250,USD,99,2026-08-04 9:49
Data scrap into excel -- 4,https://www.freelancer.com/projects/data-entry/Data-scrap-into-excel-40625010,"Data Entry, Excel, Web Scraping, Web Search, Data Mining",fixed,30 - 250,USD,102,2026-08-04 9:49
Data scrap into excel -- 4,https://www.freelancer.com/projects/data-entry/Data-scrap-into-excel-40625010,"Data Entry, Excel, Web Scraping, Web Search, Data Mining",fixed,30 - 250,USD,105,2026-08-04 9:49
Data scrap into excel -- 4,https://www.freelancer.com/projects/data-entry/Data-scrap-into-excel-40625010,"Data Entry, Excel, Web Scraping, Web Search, Data Mining",fixed,30 - 250,USD,105,2026-08-04 9:49
Data scrap into excel -- 4,https://www.freelancer.com/projects/data-entry/Data-scrap-into-excel-40625010,"Data Entry, Excel, Web Scraping, Web Search, Data Mining",fixed,30 - 250,USD,105,2026-08-04 9:49
Desain Kaligrafi dan Logo Unik,https://www.freelancer.com/projects/adobe-illustrator/Desain-Kaligrafi-dan-Logo-Unik,"Graphic Design, Logo Design, Photoshop, Illustrator, Typography, Adobe Illustrator, Procreate, Lettering",hourly,15 - 25,USD,15,2026-08-04 9:57
Desain Kaligrafi dan Logo Unik,https://www.freelancer.com/projects/adobe-illustrator/Desain-Kaligrafi-dan-Logo-Unik,"Graphic Design, Logo Design, Photoshop, Illustrator, Typography, Adobe Illustrator, Procreate, Lettering",hourly,15 - 25,USD,16,2026-08-04 9:57
Desain Kaligrafi dan Logo Unik,https://www.freelancer.com/projects/adobe-illustrator/Desain-Kaligrafi-dan-Logo-Unik,"Graphic Design, Logo Design, Photoshop, Illustrator, Typography, Adobe Illustrator, Procreate, Lettering",hourly,15 - 25,USD,16,2026-08-04 9:57
Desain Kaligrafi dan Logo Unik,https://www.freelancer.com/projects/adobe-illustrator/Desain-Kaligrafi-dan-Logo-Unik,"Graphic Design, Logo Design, Photoshop, Illustrator, Typography, Adobe Illustrator, Procreate, Lettering",hourly,15 - 25,USD,16,2026-08-04 9:57
Desain Kaligrafi dan Logo Unik,https://www.freelancer.com/projects/adobe-illustrator/Desain-Kaligrafi-dan-Logo-Unik,"Graphic Design, Logo Design, Photoshop, Illustrator, Typography, Adobe Illustrator, Procreate, Lettering",hourly,15 - 25,USD,16,2026-08-04 9:57
Desain Poster Acara Menarik,https://www.freelancer.com/projects/poster-design/Desain-Poster-Acara-Menarik-40624980,"Graphic Design, Logo Design, Photoshop, Illustrator, Poster Design, Adobe Illustrator, Visual Design, Adobe Photoshop",hourly,2 - 8,USD,13,2026-08-04 9:40
Desain Poster Acara Menarik,https://www.freelancer.com/projects/poster-design/Desain-Poster-Acara-Menarik-40624980,"Graphic Design, Logo Design, Photoshop, Illustrator, Poster Design, Adobe Illustrator, Visual Design, Adobe Photoshop",hourly,2 - 8,USD,13,2026-08-04 9:40
E-Commerce Product Image Enhancement,https://www.freelancer.com/projects/image-processing/Commerce-Product-Image-Enhancement,"Graphic Design, Photoshop, Photo Editing, Photoshop Design, Image Processing, Product Photography, Adobe Photoshop, Background Removal",hourly,100 - 400,INR,14,2026-08-04 9:38
Edit Foto dan Video - 04/08/2026 05:59 EDT,https://www.freelancer.com/projects/adobe-lightroom/Edit-Foto-dan-Video-EDT-40625042,"Video Services, After Effects, Photo Editing, Video Production, Video Editing, Adobe Lightroom, Adobe Premiere Pro, Adobe Photoshop",hourly,15 - 25,USD,9,2026-08-04 10:13
Edit Foto dan Video - 04/08/2026 05:59 EDT,https://www.freelancer.com/projects/video-services/Edit-Foto-dan-Video-EDT,"Video Services, After Effects, Photo Editing, Video Production, Video Editing, Adobe Lightroom, Adobe Premiere Pro, Adobe Photoshop",hourly,15 - 25,USD,0,2026-08-04 10:22
Edit Foto dan Video - 04/08/2026 05:59 EDT,https://www.freelancer.com/projects/adobe-lightroom/Edit-Foto-dan-Video-EDT-40625042,"Video Services, After Effects, Photo Editing, Video Production, Video Editing, Adobe Lightroom, Adobe Premiere Pro, Adobe Photoshop",hourly,15 - 25,USD,9,2026-08-04 10:13
Edit Foto dan Video - 04/08/2026 05:59 EDT,https://www.freelancer.com/projects/video-services/Edit-Foto-dan-Video-EDT,"Video Services, After Effects, Photo Editing, Video Production, Video Editing, Adobe Lightroom, Adobe Premiere Pro, Adobe Photoshop",hourly,15 - 25,USD,0,2026-08-04 10:22
Edit Foto dan Video - 04/08/2026 05:59 EDT,https://www.freelancer.com/projects/adobe-lightroom/Edit-Foto-dan-Video-EDT-40625042,"Video Services, After Effects, Photo Editing, Video Production, Video Editing, Adobe Lightroom, Adobe Premiere Pro, Adobe Photoshop",hourly,15 - 25,USD,9,2026-08-04 10:13
Edit Foto dan Video - 04/08/2026 05:59 EDT,https://www.freelancer.com/projects/video-services/Edit-Foto-dan-Video-EDT,"Video Services, After Effects, Photo Editing, Video Production, Video Editing, Adobe Lightroom, Adobe Premiere Pro, Adobe Photoshop",hourly,15 - 25,USD,0,2026-08-04 10:22
Edit Foto dan Video - 04/08/2026 05:59 EDT,https://www.freelancer.com/projects/adobe-lightroom/Edit-Foto-dan-Video-EDT-40625042,"Video Services, After Effects, Photo Editing, Video Production, Video Editing, Adobe Lightroom, Adobe Premiere Pro, Adobe Photoshop",hourly,15 - 25,USD,9,2026-08-04 10:13
Edit Foto dan Video - 04/08/2026 05:59 EDT,https://www.freelancer.com/projects/video-services/Edit-Foto-dan-Video-EDT,"Video Services, After Effects, Photo Editing, Video Production, Video Editing, Adobe Lightroom, Adobe Premiere Pro, Adobe Photoshop",hourly,15 - 25,USD,0,2026-08-04 10:22
Edit Foto dan Video - 04/08/2026 05:59 EDT,https://www.freelancer.com/projects/adobe-lightroom/Edit-Foto-dan-Video-EDT-40625042,"Video Services, After Effects, Photo Editing, Video Production, Video Editing, Adobe Lightroom, Adobe Premiere Pro, Adobe Photoshop",hourly,15 - 25,USD,9,2026-08-04 10:13
Engineer Hands-On MDM Training,https://www.freelancer.com/projects/ios-development/Engineer-Hands-MDM-Training,"Java, Mobile App Development, iPhone, Android, Troubleshooting, iOS Development, Backend Development, Android App Development, API Development",fixed,3000 - 5000,USD,94,2026-08-04 9:27
Experienced Reddit Manager for Community Growth,https://www.freelancer.com/projects/community-management/Experienced-Reddit-Manager-for-Community,"Internet Marketing, Social Media Marketing, Social Media Management, Content Creation, Reddit Marketing, Community Management",fixed,8 - 30,EUR,2,2026-08-04 9:41
Experienced Reddit Manager for Community Growth,https://www.freelancer.com/projects/community-management/Experienced-Reddit-Manager-for-Community,"Internet Marketing, Social Media Marketing, Social Media Management, Content Creation, Reddit Marketing, Community Management",fixed,8 - 30,EUR,2,2026-08-04 9:41
Experto en cierres de ventas,https://www.freelancer.com/projects/marketing/Experto-cierres-ventas,"Marketing, B2B Marketing",fixed,30 - 250,EUR,0,2026-08-04 10:28
Experto en cierres de ventas,https://www.freelancer.com/projects/marketing/Experto-cierres-ventas,"Marketing, B2B Marketing",fixed,30 - 250,EUR,0,2026-08-04 10:28
Experto en cierres de ventas,https://www.freelancer.com/projects/marketing/Experto-cierres-ventas,"Marketing, B2B Marketing",fixed,30 - 250,EUR,0,2026-08-04 10:28
Franco - Africa Multilingual Market Research Specialist,https://www.freelancer.com/projects/lead-generation/Franco-Africa-Multilingual-Market,"Web Search, Market Research, Lead Generation, Data Collection",hourly,2 - 8,USD,15,2026-08-03 22:24
Franco - Africa Multilingual Market Research Specialist,https://www.freelancer.com/projects/lead-generation/Franco-Africa-Multilingual-Market,"Web Search, Market Research, Lead Generation, Data Collection",hourly,2 - 8,USD,15,2026-08-03 22:24
Generate Patient Leads Google Ads,https://www.freelancer.com/projects/google-ads/Generate-Patient-Leads-Google-Ads,"Internet Marketing, Sales, Google Adwords, Advertising, Compliance, PPC Marketing, Keyword Research, Lead Generation, Google Ads",fixed,30 - 250,USD,46,2026-08-04 10:02
Generate Patient Leads Google Ads,https://www.freelancer.com/projects/google-ads/Generate-Patient-Leads-Google-Ads,"Internet Marketing, Sales, Google Adwords, Advertising, Compliance, PPC Marketing, Keyword Research, Lead Generation, Google Ads",fixed,30 - 250,USD,47,2026-08-04 10:02
Generate Patient Leads Google Ads,https://www.freelancer.com/projects/google-ads/Generate-Patient-Leads-Google-Ads,"Internet Marketing, Sales, Google Adwords, Advertising, Compliance, PPC Marketing, Keyword Research, Lead Generation, Google Ads",fixed,30 - 250,USD,47,2026-08-04 10:02
Generate Patient Leads Google Ads,https://www.freelancer.com/projects/google-ads/Generate-Patient-Leads-Google-Ads,"Internet Marketing, Sales, Google Adwords, Advertising, Compliance, PPC Marketing, Keyword Research, Lead Generation, Google Ads",fixed,30 - 250,USD,47,2026-08-04 10:02
Generate Patient Leads Google Ads,https://www.freelancer.com/projects/google-ads/Generate-Patient-Leads-Google-Ads,"Internet Marketing, Sales, Google Adwords, Advertising, Compliance, PPC Marketing, Keyword Research, Lead Generation, Google Ads",fixed,30 - 250,USD,47,2026-08-04 10:02
Ghost CMS Site Setup + Future Datasette integration,https://www.freelancer.com/projects/web-development/Ghost-CMS-Site-Setup-Future,"PHP, JavaScript, Python, Website Design, Graphic Design, SEO, CSS, HTML, Web Development, Web Design",fixed,150 - 300,USD,234,2026-08-04 9:24
Google map reviewer,https://www.freelancer.com/projects/javascript/Google-map-reviewer-40625100,"JavaScript, Photography, SEO, Data Entry, WordPress, Report Writing, Content Writing, Customer Service, Google Maps API, Social Media Management",hourly,100 - 400,INR,0,2026-08-04 10:27
Hand or Digitally Drawn T-Shirt Illustration Design,https://www.freelancer.com/projects/2d-drawing/Hand-Digitally-Drawn-Shirt-Illustration,"Graphic Design, Photoshop, Illustrator, Illustration, Visual Arts, Creative Design, Digital Art, 2D Drawing, Print Design, Character Design",fixed,30 - 250,USD,111,2026-08-04 9:39
Hindi Audiobook Narration with Voice Clone,https://www.freelancer.com/projects/audiobook-narration/Hindi-Audiobook-Narration-with-Voice,"Audio Services, Voice Talent, Hindi Translator, Audio Production, Audio Editing, Audiobook Narration, Audio Engineering, Voice Acting",fixed,1500 - 12500,INR,2,2026-08-04 9:26
Individual Tax Return Specialist,https://www.freelancer.com/projects/tax/Individual-Tax-Return-Specialist,"Tax, Tax Reporting, Tax Preparation",fixed,20 - 250,GBP,4,2026-08-04 10:07
Individual Tax Return Specialist,https://www.freelancer.com/projects/tax/Individual-Tax-Return-Specialist,"Tax, Tax Reporting, Tax Preparation",fixed,20 - 250,GBP,5,2026-08-04 10:07
Individual Tax Return Specialist,https://www.freelancer.com/projects/tax/Individual-Tax-Return-Specialist,"Tax, Tax Reporting, Tax Preparation",fixed,20 - 250,GBP,5,2026-08-04 10:07
Individual Tax Return Specialist,https://www.freelancer.com/projects/tax/Individual-Tax-Return-Specialist,"Tax, Tax Reporting, Tax Preparation",fixed,20 - 250,GBP,5,2026-08-04 10:07
Individual Tax Return Specialist,https://www.freelancer.com/projects/tax/Individual-Tax-Return-Specialist,"Tax, Tax Reporting, Tax Preparation",fixed,20 - 250,GBP,5,2026-08-04 10:07
Instagram Video Growth Manager,https://www.freelancer.com/projects/social-media-management/Instagram-Video-Growth-Manager,"Video Services, Videography, Video Production, Video Editing, Social Media Management, Instagram Marketing, Content Creation, AI Content Creation",fixed,12500 - 37500,INR,8,2026-08-04 10:08
Instagram Video Growth Manager,https://www.freelancer.com/projects/social-media-management/Instagram-Video-Growth-Manager,"Video Services, Videography, Video Production, Video Editing, Social Media Management, Instagram Marketing, Content Creation, AI Content Creation",fixed,12500 - 37500,INR,11,2026-08-04 10:08
Instagram Video Growth Manager,https://www.freelancer.com/projects/social-media-management/Instagram-Video-Growth-Manager,"Video Services, Videography, Video Production, Video Editing, Social Media Management, Instagram Marketing, Content Creation, AI Content Creation",fixed,12500 - 37500,INR,13,2026-08-04 10:08
Instagram Video Growth Manager,https://www.freelancer.com/projects/social-media-management/Instagram-Video-Growth-Manager,"Video Services, Videography, Video Production, Video Editing, Social Media Management, Instagram Marketing, Content Creation, AI Content Creation",fixed,12500 - 37500,INR,13,2026-08-04 10:08
Instagram Video Growth Manager,https://www.freelancer.com/projects/social-media-management/Instagram-Video-Growth-Manager,"Video Services, Videography, Video Production, Video Editing, Social Media Management, Instagram Marketing, Content Creation, AI Content Creation",fixed,12500 - 37500,INR,13,2026-08-04 10:08
Interactive Sound-Emitting Cat Toys,https://www.freelancer.com/projects/sound-design/Interactive-Sound-Emitting-Cat-Toys,"Manufacturing Design, Product Design, 3D Modelling, 3D Animation, 3D Design, Sound Design, 3D Printing, CAD / SolidWorks",fixed,250 - 750,AUD,44,2026-08-04 10:26
Interactive Sound-Emitting Cat Toys,https://www.freelancer.com/projects/sound-design/Interactive-Sound-Emitting-Cat-Toys,"Manufacturing Design, Product Design, 3D Modelling, 3D Animation, 3D Design, Sound Design, 3D Printing, CAD / SolidWorks",fixed,250 - 750,AUD,46,2026-08-04 10:26
Interactive Sound-Emitting Cat Toys,https://www.freelancer.com/projects/sound-design/Interactive-Sound-Emitting-Cat-Toys,"Manufacturing Design, Product Design, 3D Modelling, 3D Animation, 3D Design, Sound Design, 3D Printing, CAD / SolidWorks",fixed,250 - 750,AUD,46,2026-08-04 10:26
Interactive Sound-Emitting Cat Toys,https://www.freelancer.com/projects/sound-design/Interactive-Sound-Emitting-Cat-Toys,"Manufacturing Design, Product Design, 3D Modelling, 3D Animation, 3D Design, Sound Design, 3D Printing, CAD / SolidWorks",fixed,250 - 750,AUD,46,2026-08-04 10:26
IT Business Acquisition Manager Hunt,https://www.freelancer.com/projects/business-development/Business-Acquisition-Manager-Hunt,"Sales, Market Research, Financial Analysis, Account Management, Mergers and Acquisitions, Business Strategy, Business Consulting, Investment Management, Business Development, Negotiation Support",fixed,150000 - 250000,INR,0,2026-08-04 10:03
IT Business Acquisition Manager Hunt,https://www.freelancer.com/projects/business-development/Business-Acquisition-Manager-Hunt,"Sales, Market Research, Financial Analysis, Account Management, Mergers and Acquisitions, Business Strategy, Business Consulting, Investment Management, Business Development, Negotiation Support",fixed,150000 - 250000,INR,0,2026-08-04 10:03
IT Business Acquisition Manager Hunt,https://www.freelancer.com/projects/business-development/Business-Acquisition-Manager-Hunt,"Sales, Market Research, Financial Analysis, Account Management, Mergers and Acquisitions, Business Strategy, Business Consulting, Investment Management, Business Development, Negotiation Support",fixed,150000 - 250000,INR,0,2026-08-04 10:03
IT Business Acquisition Manager Hunt,https://www.freelancer.com/projects/business-development/Business-Acquisition-Manager-Hunt,"Sales, Market Research, Financial Analysis, Account Management, Mergers and Acquisitions, Business Strategy, Business Consulting, Investment Management, Business Development, Negotiation Support",fixed,150000 - 250000,INR,0,2026-08-04 10:03
IT Business Acquisition Manager Hunt,https://www.freelancer.com/projects/business-development/Business-Acquisition-Manager-Hunt,"Sales, Market Research, Financial Analysis, Account Management, Mergers and Acquisitions, Business Strategy, Business Consulting, Investment Management, Business Development, Negotiation Support",fixed,150000 - 250000,INR,0,2026-08-04 10:03
Java-Spring & Angular Expert Needed,https://www.freelancer.com/projects/spring-boot/Java-Spring-Angular-Expert-Needed,"Java, Docker, RESTful API, Kubernetes, Angular, Microservices, Apache Kafka, Spring Boot",hourly,750 - 1250,INR,2,2026-08-04 10:34
K-Pop Dance Class Website,https://www.freelancer.com/projects/css/Pop-Dance-Class-Website-40624947,"PHP, JavaScript, Website Design, Graphic Design, CSS, MySQL, HTML, Web Development",fixed,12500 - 37500,INR,31,2026-08-04 10:26
K-Pop Dance Class Website,https://www.freelancer.com/projects/css/Pop-Dance-Class-Website-40624947,"PHP, JavaScript, Website Design, Graphic Design, CSS, MySQL, HTML, Web Development",fixed,12500 - 37500,INR,79,2026-08-04 10:26
K-Pop Dance Class Website,https://www.freelancer.com/projects/css/Pop-Dance-Class-Website-40624947,"PHP, JavaScript, Website Design, Graphic Design, CSS, MySQL, HTML, Web Development",fixed,12500 - 37500,INR,80,2026-08-04 10:26
K-Pop Dance Class Website,https://www.freelancer.com/projects/css/Pop-Dance-Class-Website-40624947,"PHP, JavaScript, Website Design, Graphic Design, CSS, MySQL, HTML, Web Development",fixed,12500 - 37500,INR,82,2026-08-04 10:26
Kids' Cartoon Character Designs,https://www.freelancer.com/projects/character-design/Kids-Cartoon-Character-Designs,"Graphic Design, Photoshop, Illustrator, Illustration, 2D Animation, SVG, 2D Drawing, Character Design",fixed,30 - 250,NZD,69,2026-08-04 10:22
Kids' Cartoon Character Designs,https://www.freelancer.com/projects/character-design/Kids-Cartoon-Character-Designs,"Graphic Design, Photoshop, Illustrator, Illustration, 2D Animation, SVG, 2D Drawing, Character Design",fixed,30 - 250,NZD,74,2026-08-04 10:22
Kids' Cartoon Character Designs,https://www.freelancer.com/projects/character-design/Kids-Cartoon-Character-Designs,"Graphic Design, Photoshop, Illustrator, Illustration, 2D Animation, SVG, 2D Drawing, Character Design",fixed,30 - 250,NZD,74,2026-08-04 10:22
Kids' Cartoon Character Designs,https://www.freelancer.com/projects/character-design/Kids-Cartoon-Character-Designs,"Graphic Design, Photoshop, Illustrator, Illustration, 2D Animation, SVG, 2D Drawing, Character Design",fixed,30 - 250,NZD,75,2026-08-04 10:22
Logo design and rebranding,https://www.freelancer.com/projects/graphic-design/Logo-design-rebranding-40625110,"Graphic Design, Photoshop, Photo Editing, Photoshop Design, Image Processing, Product Photography, Adobe Photoshop, Background Removal",fixed,600 - 1500,INR,12,2026-08-04 10:30
Logo design and rebranding,https://www.freelancer.com/projects/graphic-design/Logo-design-rebranding-40625110,"Graphic Design, Photoshop, Photo Editing, Photoshop Design, Image Processing, Product Photography, Adobe Photoshop, Background Removal",fixed,600 - 1500,INR,12,2026-08-04 10:30
Logo design and rebranding,https://www.freelancer.com/projects/graphic-design/Logo-design-rebranding-40625110,"Graphic Design, Photoshop, Photo Editing, Photoshop Design, Image Processing, Product Photography, Adobe Photoshop, Background Removal",fixed,600 - 1500,INR,13,2026-08-04 10:30
Marketplace Compliance Response Preparation,https://www.freelancer.com/projects/compliance/Marketplace-Compliance-Response,"Research, Technical Writing, Report Writing, Legal Research, Research Writing, Compliance, Risk Management, Business Consulting, Legal Consultation, Regulatory Writing",fixed,30 - 250,USD,0,2026-08-04 10:33
Marketplace Compliance Response Preparation,https://www.freelancer.com/projects/compliance/Marketplace-Compliance-Response,"Research, Technical Writing, Report Writing, Legal Research, Research Writing, Compliance, Risk Management, Business Consulting, Legal Consultation, Regulatory Writing",fixed,30 - 250,USD,4,2026-08-04 10:33
Medical Research Interviews at Congress,https://www.freelancer.com/projects/video-production/Medical-Research-Interviews-Congress,"Videography, Video Production",fixed,250 - 750,EUR,0,2026-08-04 9:50
Medical Research Interviews at Congress,https://www.freelancer.com/projects/video-production/Medical-Research-Interviews-Congress,"Videography, Video Production",fixed,250 - 750,EUR,0,2026-08-04 9:50
Medical Research Interviews at Congress,https://www.freelancer.com/projects/video-production/Medical-Research-Interviews-Congress,"Videography, Video Production",fixed,250 - 750,EUR,0,2026-08-04 9:50
Medical Research Interviews at Congress,https://www.freelancer.com/projects/video-production/Medical-Research-Interviews-Congress,"Videography, Video Production",fixed,250 - 750,EUR,0,2026-08-04 9:50
Medical Research Interviews at Congress,https://www.freelancer.com/projects/video-production/Medical-Research-Interviews-Congress,"Videography, Video Production",fixed,250 - 750,EUR,0,2026-08-04 9:50
Meta Ads Lead Generation Campaign,https://www.freelancer.com/projects/lead-generation/Meta-Ads-Lead-Generation-Campaign-40625082,"Internet Marketing, Leads, Creative Design, Social Media Marketing, Conversion Rate Optimization, Digital Marketing, Instagram Marketing, Lead Generation, A/B Testing, Facebook Ads",fixed,30 - 250,USD,33,2026-08-04 10:19
Meta Ads Lead Generation Campaign,https://www.freelancer.com/projects/lead-generation/Meta-Ads-Lead-Generation-Campaign-40625082,"Internet Marketing, Leads, Creative Design, Social Media Marketing, Conversion Rate Optimization, Digital Marketing, Instagram Marketing, Lead Generation, A/B Testing, Facebook Ads",fixed,30 - 250,USD,59,2026-08-04 10:19
Meta Ads Lead Generation Campaign,https://www.freelancer.com/projects/lead-generation/Meta-Ads-Lead-Generation-Campaign-40625082,"Internet Marketing, Leads, Creative Design, Social Media Marketing, Conversion Rate Optimization, Digital Marketing, Instagram Marketing, Lead Generation, A/B Testing, Facebook Ads",fixed,30 - 250,USD,63,2026-08-04 10:19
Meta Ads Lead Generation Campaign,https://www.freelancer.com/projects/lead-generation/Meta-Ads-Lead-Generation-Campaign-40625082,"Internet Marketing, Leads, Creative Design, Social Media Marketing, Conversion Rate Optimization, Digital Marketing, Instagram Marketing, Lead Generation, A/B Testing, Facebook Ads",fixed,30 - 250,USD,65,2026-08-04 10:19
Meta Ads Lead Generation Campaign,https://www.freelancer.com/projects/lead-generation/Meta-Ads-Lead-Generation-Campaign-40625082,"Internet Marketing, Leads, Creative Design, Social Media Marketing, Conversion Rate Optimization, Digital Marketing, Instagram Marketing, Lead Generation, A/B Testing, Facebook Ads",fixed,30 - 250,USD,65,2026-08-04 10:19
Mobile app (Android/iOS) + Wordpress website development,https://www.freelancer.com/projects/ios-development/Mobile-app-Android-iOS-Wordpress,"PHP, Mobile App Development, iPhone, Android, WordPress, Swift, Google Maps API, Kotlin, iOS Development, REST API",fixed,250 - 750,USD,274,2026-08-04 9:53
Mobile app (Android/iOS) + Wordpress website development,https://www.freelancer.com/projects/ios-development/Mobile-app-Android-iOS-Wordpress,"PHP, Mobile App Development, iPhone, Android, WordPress, Swift, Google Maps API, Kotlin, iOS Development, REST API",fixed,250 - 750,USD,286,2026-08-04 9:53
Mobile app (Android/iOS) + Wordpress website development,https://www.freelancer.com/projects/ios-development/Mobile-app-Android-iOS-Wordpress,"PHP, Mobile App Development, iPhone, Android, WordPress, Swift, Google Maps API, Kotlin, iOS Development, REST API",fixed,250 - 750,USD,290,2026-08-04 9:53
Mobile app (Android/iOS) + Wordpress website development,https://www.freelancer.com/projects/ios-development/Mobile-app-Android-iOS-Wordpress,"PHP, Mobile App Development, iPhone, Android, WordPress, Swift, Google Maps API, Kotlin, iOS Development, REST API",fixed,250 - 750,USD,290,2026-08-04 9:53
Mobile app (Android/iOS) + Wordpress website development,https://www.freelancer.com/projects/ios-development/Mobile-app-Android-iOS-Wordpress,"PHP, Mobile App Development, iPhone, Android, WordPress, Swift, Google Maps API, Kotlin, iOS Development, REST API",fixed,250 - 750,USD,295,2026-08-04 9:53
Mobile Slider Functionality Fix,https://www.freelancer.com/projects/javascript/Mobile-Slider-Functionality-Fix-40625001,"JavaScript, CSS, HTML, jQuery / Prototype, Web Development, Frontend Development, jQuery, Mobile Development, Elementor, WordPress Multilingual",fixed,250 - 750,USD,187,2026-08-04 9:45
Mobile Slider Functionality Fix,https://www.freelancer.com/projects/javascript/Mobile-Slider-Functionality-Fix-40625001,"JavaScript, CSS, HTML, jQuery / Prototype, Web Development, Frontend Development, jQuery, Mobile Development, Elementor, WordPress Multilingual",fixed,250 - 750,USD,189,2026-08-04 9:45
Mobile Slider Functionality Fix,https://www.freelancer.com/projects/javascript/Mobile-Slider-Functionality-Fix-40625001,"JavaScript, CSS, HTML, jQuery / Prototype, Web Development, Frontend Development, jQuery, Mobile Development, Elementor, WordPress Multilingual",fixed,250 - 750,USD,195,2026-08-04 9:45
Mobile Slider Functionality Fix,https://www.freelancer.com/projects/javascript/Mobile-Slider-Functionality-Fix-40625001,"JavaScript, CSS, HTML, jQuery / Prototype, Web Development, Frontend Development, jQuery, Mobile Development, Elementor, WordPress Multilingual",fixed,250 - 750,USD,196,2026-08-04 9:45
Mobile Slider Functionality Fix,https://www.freelancer.com/projects/javascript/Mobile-Slider-Functionality-Fix-40625001,"JavaScript, CSS, HTML, jQuery / Prototype, Web Development, Frontend Development, jQuery, Mobile Development, Elementor, WordPress Multilingual",fixed,250 - 750,USD,197,2026-08-04 9:45
Mobile-Ready PHP Matrimony Website Customization,https://www.freelancer.com/projects/web-development/Mobile-Ready-PHP-Matrimony-Website,"PHP, Website Design, SEO, Mobile App Development, CSS, HTML, Web Development, Database Management",fixed,600 - 1500,INR,30,2026-08-04 10:14
Mobile-Ready PHP Matrimony Website Customization,https://www.freelancer.com/projects/web-development/Mobile-Ready-PHP-Matrimony-Website,"PHP, Website Design, SEO, Mobile App Development, CSS, HTML, Web Development, Database Management",fixed,600 - 1500,INR,37,2026-08-04 10:14
Mobile-Ready PHP Matrimony Website Customization,https://www.freelancer.com/projects/web-development/Mobile-Ready-PHP-Matrimony-Website,"PHP, Website Design, SEO, Mobile App Development, CSS, HTML, Web Development, Database Management",fixed,600 - 1500,INR,41,2026-08-04 10:14
Mobile-Ready PHP Matrimony Website Customization,https://www.freelancer.com/projects/web-development/Mobile-Ready-PHP-Matrimony-Website,"PHP, Website Design, SEO, Mobile App Development, CSS, HTML, Web Development, Database Management",fixed,600 - 1500,INR,41,2026-08-04 10:14
Mobile-Ready PHP Matrimony Website Customization,https://www.freelancer.com/projects/web-development/Mobile-Ready-PHP-Matrimony-Website,"PHP, Website Design, SEO, Mobile App Development, CSS, HTML, Web Development, Database Management",fixed,600 - 1500,INR,43,2026-08-04 10:14
Modern Abstract Logo Design,https://www.freelancer.com/projects/adobe-illustrator/Modern-Abstract-Logo-Design-40624965,"Graphic Design, Logo Design, Photoshop, Illustrator, Branding, Creative Design, Adobe Illustrator, Vector Design",fixed,50 - 250,USD,85,2026-08-04 9:27
Modern Home Interior Design,https://www.freelancer.com/projects/project-management/Modern-Home-Interior-Design-40624999,"Project Management, Building Architecture, 3D Rendering, Home Design, Interior Design, Furniture Design, Architectural Visualization, Lighting Design",fixed,12500 - 37500,INR,12,2026-08-04 9:44
Modern Home Interior Design,https://www.freelancer.com/projects/project-management/Modern-Home-Interior-Design-40624999,"Project Management, Building Architecture, 3D Rendering, Home Design, Interior Design, Furniture Design, Architectural Visualization, Lighting Design",fixed,12500 - 37500,INR,13,2026-08-04 9:44
Modern Logo and Packaging Design,https://www.freelancer.com/projects/adobe-illustrator/Modern-Logo-Packaging-Design-40625068,"Graphic Design, Logo Design, Branding, Corporate Identity, Covers & Packaging, Product Design, Adobe Illustrator, Packaging Design, Visual Design, Adobe Photoshop",fixed,10 - 30,USD,20,2026-08-04 10:24
Modern Logo and Packaging Design,https://www.freelancer.com/projects/adobe-illustrator/Modern-Logo-Packaging-Design-40625068,"Graphic Design, Logo Design, Branding, Corporate Identity, Covers & Packaging, Product Design, Adobe Illustrator, Packaging Design, Visual Design, Adobe Photoshop",fixed,10 - 30,USD,29,2026-08-04 10:24
Modern Logo and Packaging Design,https://www.freelancer.com/projects/adobe-illustrator/Modern-Logo-Packaging-Design-40625068,"Graphic Design, Logo Design, Branding, Corporate Identity, Covers & Packaging, Product Design, Adobe Illustrator, Packaging Design, Visual Design, Adobe Photoshop",fixed,10 - 30,USD,29,2026-08-04 10:24
Modern Logo and Packaging Design,https://www.freelancer.com/projects/adobe-illustrator/Modern-Logo-Packaging-Design-40625068,"Graphic Design, Logo Design, Branding, Corporate Identity, Covers & Packaging, Product Design, Adobe Illustrator, Packaging Design, Visual Design, Adobe Photoshop",fixed,10 - 30,USD,31,2026-08-04 10:24
Monthly AI-Generated Jewelry Content Creation,https://www.freelancer.com/projects/ai-art-creation/Monthly-Generated-Jewelry-Content,"Graphic Design, AI Graphic Design, AI Art Creation, AI Model Development, AI Content Creation, AI Design, AI Image Generation",fixed,250 - 750,EUR,44,2026-08-04 9:33
"Obtain Duplicate Marriage Certificate From Jalandhar, Punjab",https://www.freelancer.com/projects/administrative-support/Obtain-Duplicate-Marriage-Certificate,"Administrative Support, Legal Assistance",fixed,10 - 20,GBP,2,2026-08-04 10:22
"Obtain Duplicate Marriage Certificate From Jalandhar, Punjab",https://www.freelancer.com/projects/administrative-support/Obtain-Duplicate-Marriage-Certificate,"Administrative Support, Legal Assistance",fixed,10 - 20,GBP,2,2026-08-04 10:22
"Obtain Duplicate Marriage Certificate From Jalandhar, Punjab",https://www.freelancer.com/projects/administrative-support/Obtain-Duplicate-Marriage-Certificate,"Administrative Support, Legal Assistance",fixed,10 - 20,GBP,2,2026-08-04 10:22
"Obtain Duplicate Marriage Certificate From Jalandhar, Punjab",https://www.freelancer.com/projects/administrative-support/Obtain-Duplicate-Marriage-Certificate,"Administrative Support, Legal Assistance",fixed,10 - 20,GBP,2,2026-08-04 10:22
Online Beginner-to-Intermediate English Lessons,https://www.freelancer.com/projects/english-teaching/Online-Beginner-Intermediate-English,"English Teaching, English Tutoring, Language Tutoring",fixed,10 - 30,USD,0,2026-08-04 10:31
Online Beginner-to-Intermediate English Lessons,https://www.freelancer.com/projects/english-teaching/Online-Beginner-Intermediate-English,"English Teaching, English Tutoring, Language Tutoring",fixed,10 - 30,USD,0,2026-08-04 10:31
Online Beginner-to-Intermediate English Lessons,https://www.freelancer.com/projects/english-teaching/Online-Beginner-Intermediate-English,"English Teaching, English Tutoring, Language Tutoring",fixed,10 - 30,USD,0,2026-08-04 10:31
Part-Time Gmail Inbox Manager,https://www.freelancer.com/projects/time-management/Part-Time-Gmail-Inbox-Manager,"Data Entry, Virtual Assistant, Time Management, Email Handling, Administrative Support",hourly,15 - 25,USD,21,2026-08-04 9:42
Part-Time Gmail Inbox Manager,https://www.freelancer.com/projects/time-management/Part-Time-Gmail-Inbox-Manager,"Data Entry, Virtual Assistant, Time Management, Email Handling, Administrative Support",hourly,15 - 25,USD,23,2026-08-04 9:42
Patreon Setup for YouTube,https://www.freelancer.com/projects/branding/Patreon-Setup-for-YouTube-40625062,"Graphic Design, Copywriting, Branding, Email Marketing, Social Media Marketing, Content Strategy, Content Creation",fixed,250 - 750,USD,13,2026-08-04 10:20
Patreon Setup for YouTube,https://www.freelancer.com/projects/branding/Patreon-Setup-for-YouTube-40625062,"Graphic Design, Copywriting, Branding, Email Marketing, Social Media Marketing, Content Strategy, Content Creation",fixed,250 - 750,USD,15,2026-08-04 10:20
Patreon Setup for YouTube,https://www.freelancer.com/projects/branding/Patreon-Setup-for-YouTube-40625062,"Graphic Design, Copywriting, Branding, Email Marketing, Social Media Marketing, Content Strategy, Content Creation",fixed,250 - 750,USD,16,2026-08-04 10:20
Patreon Setup for YouTube,https://www.freelancer.com/projects/branding/Patreon-Setup-for-YouTube-40625062,"Graphic Design, Copywriting, Branding, Email Marketing, Social Media Marketing, Content Strategy, Content Creation",fixed,250 - 750,USD,16,2026-08-04 10:20
Photoshop Background Correction Expert,https://www.freelancer.com/projects/adobe-creative-cloud/Photoshop-Background-Correction-Expert,"Graphic Design, Photoshop, Photo Editing, Photoshop Design, Image Processing, Adobe Creative Cloud, Adobe Photoshop, Background Removal",fixed,30 - 250,EUR,46,2026-08-04 10:12
Photoshop Background Correction Expert,https://www.freelancer.com/projects/adobe-creative-cloud/Photoshop-Background-Correction-Expert,"Graphic Design, Photoshop, Photo Editing, Photoshop Design, Image Processing, Adobe Creative Cloud, Adobe Photoshop, Background Removal",fixed,30 - 250,EUR,46,2026-08-04 10:12
Photoshop Background Correction Expert,https://www.freelancer.com/projects/adobe-creative-cloud/Photoshop-Background-Correction-Expert,"Graphic Design, Photoshop, Photo Editing, Photoshop Design, Image Processing, Adobe Creative Cloud, Adobe Photoshop, Background Removal",fixed,30 - 250,EUR,47,2026-08-04 10:12
Photoshop Background Correction Expert,https://www.freelancer.com/projects/adobe-creative-cloud/Photoshop-Background-Correction-Expert,"Graphic Design, Photoshop, Photo Editing, Photoshop Design, Image Processing, Adobe Creative Cloud, Adobe Photoshop, Background Removal",fixed,30 - 250,EUR,47,2026-08-04 10:12
Photoshop Background Correction Expert,https://www.freelancer.com/projects/adobe-creative-cloud/Photoshop-Background-Correction-Expert,"Graphic Design, Photoshop, Photo Editing, Photoshop Design, Image Processing, Adobe Creative Cloud, Adobe Photoshop, Background Removal",fixed,30 - 250,EUR,47,2026-08-04 10:12
Project Manager for Marketing & Development ,https://www.freelancer.com/projects/project-management/Project-Manager-for-Marketing,"Internet Marketing, Project Management, Google Adwords, Testing / QA, Marketing, Google Analytics, Agile Development, Search Engine Marketing, Digital Marketing, ClickUp",hourly,15 - 25,USD,28,2026-08-04 9:58
Project Manager for Marketing & Development ,https://www.freelancer.com/projects/project-management/Project-Manager-for-Marketing,"Internet Marketing, Project Management, Google Adwords, Testing / QA, Marketing, Google Analytics, Agile Development, Search Engine Marketing, Digital Marketing, ClickUp",hourly,15 - 25,USD,28,2026-08-04 9:58
Project Manager for Marketing & Development ,https://www.freelancer.com/projects/project-management/Project-Manager-for-Marketing,"Internet Marketing, Project Management, Google Adwords, Testing / QA, Marketing, Google Analytics, Agile Development, Search Engine Marketing, Digital Marketing, ClickUp",hourly,15 - 25,USD,29,2026-08-04 9:58
Project Manager for Marketing & Development ,https://www.freelancer.com/projects/project-management/Project-Manager-for-Marketing,"Internet Marketing, Project Management, Google Adwords, Testing / QA, Marketing, Google Analytics, Agile Development, Search Engine Marketing, Digital Marketing, ClickUp",hourly,15 - 25,USD,30,2026-08-04 9:58
Project Manager for Marketing & Development ,https://www.freelancer.com/projects/project-management/Project-Manager-for-Marketing,"Internet Marketing, Project Management, Google Adwords, Testing / QA, Marketing, Google Analytics, Agile Development, Search Engine Marketing, Digital Marketing, ClickUp",hourly,15 - 25,USD,30,2026-08-04 9:58
Realistic Military Model Photoshoot,https://www.freelancer.com/projects/graphic-design/Realistic-Military-Model-Photoshoot-40625008,"Graphic Design, Photoshop, Illustrator, Illustration, Digital Marketing, Social Media Management, Canva, AI Art Creation, AI Content Creation, AI Image Generation",fixed,12500 - 37500,INR,11,2026-08-04 9:48
Realistic Military Model Photoshoot,https://www.freelancer.com/projects/graphic-design/Realistic-Military-Model-Photoshoot-40625008,"Graphic Design, Photoshop, Illustrator, Illustration, Digital Marketing, Social Media Management, Canva, AI Art Creation, AI Content Creation, AI Image Generation",fixed,12500 - 37500,INR,14,2026-08-04 9:48
Realistic Military Model Photoshoot,https://www.freelancer.com/projects/graphic-design/Realistic-Military-Model-Photoshoot-40625008,"Graphic Design, Photoshop, Illustrator, Illustration, Digital Marketing, Social Media Management, Canva, AI Art Creation, AI Content Creation, AI Image Generation",fixed,12500 - 37500,INR,15,2026-08-04 9:48
Realistic Military Model Photoshoot,https://www.freelancer.com/projects/graphic-design/Realistic-Military-Model-Photoshoot-40625008,"Graphic Design, Photoshop, Illustrator, Illustration, Digital Marketing, Social Media Management, Canva, AI Art Creation, AI Content Creation, AI Image Generation",fixed,12500 - 37500,INR,15,2026-08-04 9:48
Realistic Military Model Photoshoot,https://www.freelancer.com/projects/graphic-design/Realistic-Military-Model-Photoshoot-40625008,"Graphic Design, Photoshop, Illustrator, Illustration, Digital Marketing, Social Media Management, Canva, AI Art Creation, AI Content Creation, AI Image Generation",fixed,12500 - 37500,INR,15,2026-08-04 9:48
Residential Layout Planning Assistance,https://www.freelancer.com/projects/2d-drafting/Residential-Layout-Planning-Assistance,"Project Management, Home Design, AutoCAD, Building Design, Building Regulations, 2D Drafting, Construction Management",fixed,500 - 1000,USD,1,2026-08-04 10:28
Residential Layout Planning Assistance,https://www.freelancer.com/projects/2d-drafting/Residential-Layout-Planning-Assistance,"Project Management, Home Design, AutoCAD, Building Design, Building Regulations, 2D Drafting, Construction Management",fixed,500 - 1000,USD,1,2026-08-04 10:28
Residential Layout Planning Assistance,https://www.freelancer.com/projects/2d-drafting/Residential-Layout-Planning-Assistance,"Project Management, Home Design, AutoCAD, Building Design, Building Regulations, 2D Drafting, Construction Management",fixed,500 - 1000,USD,1,2026-08-04 10:28
Software to translate historical kaithi and multi script pdf in Hindi/English,https://www.freelancer.com/projects/python/Software-translate-historical-kaithi,"Python, Software Development, Micropython, OCR Automation",fixed,70000 - 150000,INR,35,2026-08-04 9:59
Software to translate historical kaithi and multi script pdf in Hindi/English,https://www.freelancer.com/projects/python/Software-translate-historical-kaithi,"Python, Software Development, Micropython, OCR Automation",fixed,70000 - 150000,INR,37,2026-08-04 9:59
Software to translate historical kaithi and multi script pdf in Hindi/English,https://www.freelancer.com/projects/python/Software-translate-historical-kaithi,"Python, Software Development, Micropython, OCR Automation",fixed,70000 - 150000,INR,37,2026-08-04 9:59
Software to translate historical kaithi and multi script pdf in Hindi/English,https://www.freelancer.com/projects/python/Software-translate-historical-kaithi,"Python, Software Development, Micropython, OCR Automation",fixed,70000 - 150000,INR,37,2026-08-04 9:59
Software to translate historical kaithi and multi script pdf in Hindi/English,https://www.freelancer.com/projects/python/Software-translate-historical-kaithi,"Python, Software Development, Micropython, OCR Automation",fixed,70000 - 150000,INR,37,2026-08-04 9:59
Translate Photo Text to Arabic,https://www.freelancer.com/projects/adobe-illustrator/Translate-Photo-Text-Arabic-40625027,"Translation, Photo Editing, French Translator, English (US) Translator, Image Processing, Adobe Illustrator, Adobe Photoshop",hourly,15 - 25,USD,12,2026-08-04 10:08
Translate Photo Text to Arabic,https://www.freelancer.com/projects/adobe-illustrator/Translate-Photo-Text-Arabic-40625027,"Translation, Photo Editing, French Translator, English (US) Translator, Image Processing, Adobe Illustrator, Adobe Photoshop",hourly,15 - 25,USD,13,2026-08-04 10:08
Translate Photo Text to Arabic,https://www.freelancer.com/projects/adobe-illustrator/Translate-Photo-Text-Arabic-40625027,"Translation, Photo Editing, French Translator, English (US) Translator, Image Processing, Adobe Illustrator, Adobe Photoshop",hourly,15 - 25,USD,13,2026-08-04 10:08
Translate Photo Text to Arabic,https://www.freelancer.com/projects/adobe-illustrator/Translate-Photo-Text-Arabic-40625027,"Translation, Photo Editing, French Translator, English (US) Translator, Image Processing, Adobe Illustrator, Adobe Photoshop",hourly,15 - 25,USD,13,2026-08-04 10:08
Translate Photo Text to Arabic,https://www.freelancer.com/projects/adobe-illustrator/Translate-Photo-Text-Arabic-40625027,"Translation, Photo Editing, French Translator, English (US) Translator, Image Processing, Adobe Illustrator, Adobe Photoshop",hourly,15 - 25,USD,13,2026-08-04 10:08
Ubuntu 26.04 adjust font size,https://www.freelancer.com/projects/system-administration/Ubuntu-adjust-font-size,"Ubuntu, System Administration",fixed,10 - 30,USD,8,2026-08-04 9:54
Ubuntu 26.04 adjust font size,https://www.freelancer.com/projects/system-administration/Ubuntu-adjust-font-size,"Ubuntu, System Administration",fixed,10 - 30,USD,8,2026-08-04 9:54
Ubuntu 26.04 adjust font size,https://www.freelancer.com/projects/system-administration/Ubuntu-adjust-font-size,"Ubuntu, System Administration",fixed,10 - 30,USD,8,2026-08-04 9:54
Ubuntu 26.04 adjust font size,https://www.freelancer.com/projects/system-administration/Ubuntu-adjust-font-size,"Ubuntu, System Administration",fixed,10 - 30,USD,8,2026-08-04 9:54
Ubuntu 26.04 adjust font size,https://www.freelancer.com/projects/system-administration/Ubuntu-adjust-font-size,"Ubuntu, System Administration",fixed,10 - 30,USD,8,2026-08-04 9:54
Videographer + Editor for Salon Management Software,https://www.freelancer.com/projects/adobe-premiere-pro/Videographer-Editor-for-Salon-Management,"Video Services, After Effects, Final Cut Pro, Motion Graphics, Videography, Social Media Marketing, Video Production, Video Editing, Adobe Premiere Pro, Content Creation",fixed,250 - 750,USD,14,2026-08-04 9:44
Videographer + Editor for Salon Management Software,https://www.freelancer.com/projects/social-media-marketing/Videographer-Editor-for-Salon-Management,"Video Services, After Effects, Final Cut Pro, Motion Graphics, Videography, Social Media Marketing, Video Production, Video Editing, Adobe Premiere Pro, Content Creation",fixed,12500 - 37500,INR,0,2026-08-04 9:26
Videographer + Editor for Salon Management Software,https://www.freelancer.com/projects/adobe-premiere-pro/Videographer-Editor-for-Salon-Management,"Video Services, After Effects, Final Cut Pro, Motion Graphics, Videography, Social Media Marketing, Video Production, Video Editing, Adobe Premiere Pro, Content Creation",fixed,250 - 750,USD,14,2026-08-04 9:44
Videographer + Editor for Salon Management Software,https://www.freelancer.com/projects/adobe-premiere-pro/Videographer-Editor-for-Salon-Management,"Video Services, After Effects, Final Cut Pro, Motion Graphics, Videography, Social Media Marketing, Video Production, Video Editing, Adobe Premiere Pro, Content Creation",fixed,250 - 750,USD,14,2026-08-04 9:44
Videographer + Editor for Salon Management Software,https://www.freelancer.com/projects/adobe-premiere-pro/Videographer-Editor-for-Salon-Management,"Video Services, After Effects, Final Cut Pro, Motion Graphics, Videography, Social Media Marketing, Video Production, Video Editing, Adobe Premiere Pro, Content Creation",fixed,250 - 750,USD,14,2026-08-04 9:44
War Angel 3D Model,https://www.freelancer.com/projects/3d-design/War-Angel-Model,"3D Rendering, 3ds Max, 3D Modelling, 3D Animation, 3D Design, 3D Graphic Design, 3D Art, 3D Illustration",fixed,30 - 250,EUR,45,2026-08-04 9:58
War Angel 3D Model,https://www.freelancer.com/projects/3d-design/War-Angel-Model,"3D Rendering, 3ds Max, 3D Modelling, 3D Animation, 3D Design, 3D Graphic Design, 3D Art, 3D Illustration",fixed,30 - 250,EUR,46,2026-08-04 9:58
War Angel 3D Model,https://www.freelancer.com/projects/3d-design/War-Angel-Model,"3D Rendering, 3ds Max, 3D Modelling, 3D Animation, 3D Design, 3D Graphic Design, 3D Art, 3D Illustration",fixed,30 - 250,EUR,46,2026-08-04 9:58
War Angel 3D Model,https://www.freelancer.com/projects/3d-design/War-Angel-Model,"3D Rendering, 3ds Max, 3D Modelling, 3D Animation, 3D Design, 3D Graphic Design, 3D Art, 3D Illustration",fixed,30 - 250,EUR,46,2026-08-04 9:58
War Angel 3D Model,https://www.freelancer.com/projects/3d-design/War-Angel-Model,"3D Rendering, 3ds Max, 3D Modelling, 3D Animation, 3D Design, 3D Graphic Design, 3D Art, 3D Illustration",fixed,30 - 250,EUR,46,2026-08-04 9:58
Web Beneish M-Score Calculator Script,https://www.freelancer.com/projects/nodejs/Web-Beneish-Score-Calculator-Script,"PHP, JavaScript, Python, Django, Node.js, Express JS, Laravel, React.js, Web Development, Flask",fixed,1500 - 3000,USD,170,2026-08-04 10:08
Web Beneish M-Score Calculator Script,https://www.freelancer.com/projects/nodejs/Web-Beneish-Score-Calculator-Script,"PHP, JavaScript, Python, Django, Node.js, Express JS, Laravel, React.js, Web Development, Flask",fixed,1500 - 3000,USD,180,2026-08-04 10:08
Web Beneish M-Score Calculator Script,https://www.freelancer.com/projects/nodejs/Web-Beneish-Score-Calculator-Script,"PHP, JavaScript, Python, Django, Node.js, Express JS, Laravel, React.js, Web Development, Flask",fixed,1500 - 3000,USD,184,2026-08-04 10:08
Web Beneish M-Score Calculator Script,https://www.freelancer.com/projects/nodejs/Web-Beneish-Score-Calculator-Script,"PHP, JavaScript, Python, Django, Node.js, Express JS, Laravel, React.js, Web Development, Flask",fixed,1500 - 3000,USD,184,2026-08-04 10:08
Web Beneish M-Score Calculator Script,https://www.freelancer.com/projects/nodejs/Web-Beneish-Score-Calculator-Script,"PHP, JavaScript, Python, Django, Node.js, Express JS, Laravel, React.js, Web Development, Flask",fixed,1500 - 3000,USD,186,2026-08-04 10:08
Website Enhancement & SEO Optimization,https://www.freelancer.com/projects/seo/Website-Enhancement-SEO-Optimization-40624968,"SEO, Content Writing, Web Development, Website Optimization, Content Management System (CMS)",fixed,250 - 750,USD,353,2026-08-04 9:29
YouTube Channel Growth increase view with subscribers. ,https://www.freelancer.com/projects/seo/YouTube-Channel-Growth-increase-view,"SEO, Virtual Assistant, YouTube, Research Writing, Internet Research",fixed,10 - 30,USD,3,2026-08-04 10:16
YouTube Channel Growth increase view with subscribers. ,https://www.freelancer.com/projects/seo/YouTube-Channel-Growth-increase-view,"SEO, Virtual Assistant, YouTube, Research Writing, Internet Research",fixed,10 - 30,USD,5,2026-08-04 10:16
YouTube Channel Growth increase view with subscribers. ,https://www.freelancer.com/projects/seo/YouTube-Channel-Growth-increase-view,"SEO, Virtual Assistant, YouTube, Research Writing, Internet Research",fixed,10 - 30,USD,7,2026-08-04 10:16
YouTube Channel Growth increase view with subscribers. ,https://www.freelancer.com/projects/seo/YouTube-Channel-Growth-increase-view,"SEO, Virtual Assistant, YouTube, Research Writing, Internet Research",fixed,10 - 30,USD,7,2026-08-04 10:16
YouTube Channel Growth increase view with subscribers. ,https://www.freelancer.com/projects/seo/YouTube-Channel-Growth-increase-view,"SEO, Virtual Assistant, YouTube, Research Writing, Internet Research",fixed,10 - 30,USD,7,2026-08-04 10:16
Короткие видео-отзывы для Instagram,https://www.freelancer.com/projects/video-ads/Instagram,"Video Services, YouTube, After Effects, Video Upload, Videography, Video Editing, Content Creation, Video Streaming, Video Ads, Video Conferencing",fixed,10 - 30,USD,6,2026-08-04 9:29
ग्राफिक डिजाइनर की आवश्यकता ब्रांड आईडेंटिटी के लिए,https://www.freelancer.com/projects/graphic-design/project-40625073,"Graphic Design, Banner Design, Branding, Business Card Design, Poster Design, Flyer Design, Canva, Adobe Photoshop, Print Design",fixed,600 - 1500,INR,11,2026-08-04 10:12
ग्राफिक डिजाइनर की आवश्यकता ब्रांड आईडेंटिटी के लिए,https://www.freelancer.com/projects/graphic-design/project-40625073,"Graphic Design, Banner Design, Branding, Business Card Design, Poster Design, Flyer Design, Canva, Adobe Photoshop, Print Design",fixed,600 - 1500,INR,14,2026-08-04 10:12
ग्राफिक डिजाइनर की आवश्यकता ब्रांड आईडेंटिटी के लिए,https://www.freelancer.com/projects/graphic-design/project-40625073,"Graphic Design, Banner Design, Branding, Business Card Design, Poster Design, Flyer Design, Canva, Adobe Photoshop, Print Design",fixed,600 - 1500,INR,14,2026-08-04 10:12
ग्राफिक डिजाइनर की आवश्यकता ब्रांड आईडेंटिटी के लिए,https://www.freelancer.com/projects/graphic-design/project-40625073,"Graphic Design, Banner Design, Branding, Business Card Design, Poster Design, Flyer Design, Canva, Adobe Photoshop, Print Design",fixed,600 - 1500,INR,14,2026-08-04 10:12
ग्राफिक डिजाइनर की आवश्यकता ब्रांड आईडेंटिटी के लिए,https://www.freelancer.com/projects/graphic-design/project-40625073,"Graphic Design, Banner Design, Branding, Business Card Design, Poster Design, Flyer Design, Canva, Adobe Photoshop, Print Design",fixed,600 - 1500,INR,14,2026-08-04 10:12
